Archetype,Zodiac Sign,Rationale
The Hero (Superman),Aries,"The pioneer and first responder of the zodiac; driven by raw power, a strong moral compass, and the courage to lead the charge."
The Great Mother (Sarah Connor),Taurus,"The fierce protector of the physical realm; embodies the stamina, earthiness, and unwavering determination to sustain life at all costs."
The Shapeshifter (The Thing),Gemini,"The sign of duality and mutability; represents the fluid, often terrifying nature of identity and the ability to mimic or adapt to any environment."
The Divine Child (E.T.),Cancer,"The sign of the cosmic womb; represents pure, vulnerable innocence, deep emotional connection, and the longing for ""home."""
The Persona (Ziggy Stardust),Leo,The natural performer and sun-drenched star; utilizes the mask of glamour and stardom to command the stage of the material world.
The Wise Old Man (Mr. Miyagi),Virgo,"The master of discipline, technique, and practical wisdom; teaches that self-mastery is found in the precision of the mundane."
The Anima (Robert Smith),Libra,"The seeker of beauty and emotional harmony; expresses the ""soul-image"" through romanticism, aesthetic vulnerability, and the balance of internal dualities."
The Shadow (Michael Myers),Scorpio,"The sign of the dark unconscious and the ""un-killable"" drive; represents the silent, intense forces that lurk beneath the surface of the psyche."
The Joker (The Joker),Sagittarius,The wild archer and cosmic jester; uses chaotic philosophy and brutal honesty to puncture the ego and disrupt established social orders.
The Animus (Madonna),Capricorn,"The sign of mastery and worldly ambition; represents the driving, structured masculine spirit used to build empires and achieve total external authority."
The Self (Prince),Aquarius,"The individualist and visionary; transcends traditional boundaries of gender and social norms to achieve a unique, unified, and divine totality."
The Threshold Guardian (Freddy Krueger),Pisces,The ruler of the collective unconscious and the dream world; the gatekeeper who manifests at the boundary between reality and the astral fog.